dataset,model,condition,seed,n_samples,n_input_features,class_0,class_1,maximum_step,hidden_layers,dropout,learning_rate,weight_decay,batch_size,max_epochs,train_seconds,n_parameters,n_sparse_connections,n_connection_layers,connection_layer_sizes,partition_shapes,partition_nonzeros,target_features,target_signal_score_mean,target_signal_score_median,target_signal_score_max,notebook_reference,n_original_targets,n_targets,n_replaced_targets,target_overlap_with_original,graph_edges,graph_nodes,train_loss,train_accuracy,train_balanced_accuracy,train_roc_auc,val_loss,val_accuracy,val_balanced_accuracy,val_roc_auc,test_loss,test_accuracy,test_balanced_accuracy,test_roc_auc,run_status,run_error
covid,PathNet,original,2781,605,1174,236,369,2,none,0.1,0.001,0.0,16,200,55.02790854894556,4666458,2559,4,913|99|40|10,"{""p2"": [913, 99], ""p3"": [99, 40], ""p4"": [40, 10]}","{""p2"": 118, ""p3"": 77, ""p4"": 33}",C00328|C00186|C00584|C02165|C00696|C01089|C00042|C06124|C00249|C00780,0.16444244254380463,0.1732368841767311,0.35759755969047546,example_meta.ipynb,10,10,0,10,841,913,0.33515922530837683,0.9807162534435262,0.9778694793193551,0.9719584475176855,0.56993018835783,0.7355371900826446,0.7139160437032778,0.7576193214491087,0.5893953889608383,0.71900826446281,0.6965209890741806,0.7215353651523865,ok,
covid,PathNet,random_centric,2781,605,1174,236,369,2,none,0.1,0.001,0.0,16,200,56.93161315203179,4486318,2442,4,913|53|21|10,"{""p2"": [913, 53], ""p3"": [53, 21], ""p4"": [21, 10]}","{""p2"": 55, ""p3"": 45, ""p4"": 11}",C02362|C12834|C07712|C00292|C14865|C00475|C06426|C14825|C00214|C01571,0.12858401760458946,0.12519314885139465,0.1893356740474701,example_meta.ipynb,10,10,10,0,841,913,0.4449136062808659,0.8815426997245179,0.8687304824421643,0.874992033649863,0.6549453474581242,0.6446280991735537,0.6085393904542841,0.6736630247268546,0.6937113255262375,0.6115702479338843,0.5543415756181713,0.6183151236342727,ok,
covid,PathNet,low_signal_centric,2781,605,1174,236,369,2,none,0.1,0.001,0.0,16,200,42.45637693698518,4438550,2401,4,913|40|25|10,"{""p2"": [913, 40], ""p3"": [40, 25], ""p4"": [25, 10]}","{""p2"": 34, ""p3"": 19, ""p4"": 17}",C00341|C00643|C16561|C00121|C00181|C00259|C00310|C00312|C05480|C13712,0.002476791548542678,0.002815935527905822,0.002901227679103613,example_meta.ipynb,10,10,10,0,841,913,0.43633844541466754,0.8898071625344353,0.8830699126888024,0.8846791154164808,0.6177811250090599,0.7024793388429752,0.6946520989074181,0.7788959171937896,0.7320739924907684,0.5702479338842975,0.5438470385278896,0.5764807360552041,ok,
covid,PathNet,mixed25_low_signal_centric,2781,605,1174,236,369,2,none,0.1,0.001,0.0,16,200,27.02127671299968,4600918,2511,4,913|82|38|10,"{""p2"": [913, 82], ""p3"": [82, 38], ""p4"": [38, 10]}","{""p2"": 87, ""p3"": 62, ""p4"": 31}",C06124|C00249|C00696|C00186|C00584|C02165|C00042|C01089|C00341|C00643,0.10861645916011184,0.10535607114434242,0.2545113265514374,example_meta.ipynb,10,10,2,8,841,913,0.33046231062515924,0.9834710743801653,0.9839079727232172,0.9757344974826334,0.5510473921895027,0.768595041322314,0.7525876940770557,0.7747268545140886,0.6181131266057491,0.6859504132231405,0.6617308798159862,0.6752443933294997,ok,
covid,PathNet,mixed50_low_signal_centric,2781,605,1174,236,369,2,none,0.1,0.001,0.0,16,200,59.12336231407244,4607022,2514,4,913|84|34|10,"{""p2"": [913, 84], ""p3"": [84, 34], ""p4"": [34, 10]}","{""p2"": 98, ""p3"": 59, ""p4"": 26}",C00584|C01089|C00328|C00696|C02165|C00341|C00643|C16561|C00121|C00181,0.08725561541505159,0.05923058639746159,0.2032131552696228,example_meta.ipynb,10,10,5,5,841,913,0.3734148585278055,0.9449035812672176,0.9371295647186285,0.917022496972787,0.5743662044405937,0.7024793388429752,0.6946520989074181,0.7613571017826337,0.6470837816596031,0.6694214876033058,0.644335825186889,0.6587119033927544,ok,
covid,PathNet,mixed75_low_signal_centric,2781,605,1174,236,369,2,none,0.1,0.001,0.0,16,200,59.33497731096577,4468798,2424,4,913|48|26|10,"{""p2"": [913, 48], ""p3"": [48, 26], ""p4"": [26, 10]}","{""p2"": 48, ""p3"": 27, ""p4"": 18}",C00186|C00584|C00341|C00643|C16561|C00121|C00181|C00259|C00310|C00312,0.031073870486579835,0.002815935527905822,0.19670633971691132,example_meta.ipynb,10,10,8,2,841,913,0.404829327179038,0.9146005509641874,0.9097253202472755,0.8883914345803328,0.5523008666932583,0.7603305785123967,0.7264232317423807,0.8238930419781483,0.6211963072419167,0.6942148760330579,0.6646060954571593,0.6970960322024152,ok,
covid,PathNet,random_graph,2781,605,1174,236,369,2,none,0.1,0.001,0.0,16,200,50.896222803974524,4552390,2458,4,913|70|29|10,"{""p2"": [913, 70], ""p3"": [70, 29], ""p4"": [29, 10]}","{""p2"": 66, ""p3"": 42, ""p4"": 19}",C00328|C00186|C00584|C02165|C00696|C01089|C00042|C06124|C00249|C00780,0.16444244254380463,0.1732368841767311,0.35759755969047546,example_meta.ipynb,10,10,0,10,841,913,0.3947979626448258,0.9228650137741047,0.9102192339557709,0.8992734688675037,0.6018201038241386,0.7024793388429752,0.6752443933294997,0.7596319723979299,0.6643252968788147,0.6446280991735537,0.6085393904542841,0.6349913743530764,ok,
covid,PathNet,random_layer_matched,2781,605,1174,236,369,2,none,0.1,0.001,0.0,16,200,56.563771193963476,4666458,2559,4,913|99|40|10,"{""p2"": [913, 99], ""p3"": [99, 40], ""p4"": [40, 10]}","{""p2"": 118, ""p3"": 77, ""p4"": 33}",C00328|C00186|C00584|C02165|C00696|C01089|C00042|C06124|C00249|C00780,0.16444244254380463,0.1732368841767311,0.35759755969047546,example_meta.ipynb,10,10,0,10,841,913,0.3323978911275449,0.9834710743801653,0.9801319227582691,0.9730737365368685,0.5519593544304371,0.7520661157024794,0.731311098332375,0.7771707878090857,0.6239929385483265,0.6859504132231405,0.6423231742380678,0.7004025301897643,ok,
covid,PathNet,partial_outer_layer_random,2781,605,1174,236,369,2,none,0.1,0.001,0.0,16,200,49.81454647902865,4666458,2559,4,913|99|40|10,"{""p2"": [913, 99], ""p3"": [99, 40], ""p4"": [40, 10]}","{""p2"": 118, ""p3"": 77, ""p4"": 33}",C00328|C00186|C00584|C02165|C00696|C01089|C00042|C06124|C00249|C00780,0.16444244254380463,0.1732368841767311,0.35759755969047546,example_meta.ipynb,10,10,0,10,841,913,0.3548383337000142,0.9586776859504132,0.9635459817729909,0.9497960614364922,0.6270864307880402,0.6859504132231405,0.6772570442783209,0.7189476710753306,0.683242529630661,0.6198347107438017,0.6037952846463485,0.69551466359977,ok,
covid,PathNet,original,14526,605,1174,236,369,2,none,0.1,0.001,0.0,16,200,43.34665687091183,4666458,2559,4,913|99|40|10,"{""p2"": [913, 99], ""p3"": [99, 40], ""p4"": [40, 10]}","{""p2"": 118, ""p3"": 77, ""p4"": 33}",C00328|C00186|C00584|C02165|C00696|C01089|C00042|C06124|C00249|C00780,0.135210325056687,0.11846715956926346,0.33555012941360474,example_meta.ipynb,10,10,0,10,841,913,0.3316427274890568,0.9834710743801653,0.9826492894015678,0.9745554776623542,0.6353508606553078,0.6694214876033058,0.644335825186889,0.6993962047153537,0.6426826789975166,0.6363636363636364,0.6367165037377803,0.6765382403680277,ok,
covid,PathNet,random_centric,14526,605,1174,236,369,2,none,0.1,0.001,0.0,16,200,57.5397615279071,4502870,2453,4,913|57|27|10,"{""p2"": [913, 57], ""p3"": [57, 27], ""p4"": [27, 10]}","{""p2"": 75, ""p3"": 30, ""p4"": 17}",C00270|C01879|C00546|C05594|C11004|C03090|C00530|C04722|C05843|C11132,0.17985165305435658,0.17354927957057953,0.37101271748542786,example_meta.ipynb,10,10,10,0,841,913,0.3904325702916021,0.9366391184573003,0.9303422344018865,0.9088330890319293,0.675055593252182,0.6198347107438017,0.5882691201840138,0.6748131109833237,0.6687121540307999,0.628099173553719,0.6260782058654399,0.6786946520989074,ok,
covid,PathNet,low_signal_centric,14526,605,1174,236,369,2,none,0.1,0.001,0.0,16,200,40.678220905014314,4575342,2479,4,913|76|30|10,"{""p2"": [913, 76], ""p3"": [76, 30], ""p4"": [30, 10]}","{""p2"": 78, ""p3"": 50, ""p4"": 20}",C00906|C01598|C00280|C20252|C05108|C08821|C11522|C15776|C15782|C05356,0.0019045266089960933,0.002149546053260565,0.0022806734777987003,example_meta.ipynb,10,10,10,0,841,913,0.5420832672844762,0.7823691460055097,0.7646262188515709,0.8072780574851827,0.6394859105348587,0.6694214876033058,0.6482173663024726,0.651811385853939,0.6351829618215561,0.6611570247933884,0.6492236917768832,0.6811385853939046,ok,
covid,PathNet,mixed25_low_signal_centric,14526,605,1174,236,369,2,none,0.1,0.001,0.0,16,200,57.69895562203601,4662646,2562,4,913|98|40|10,"{""p2"": [913, 98], ""p3"": [98, 40], ""p4"": [40, 10]}","{""p2"": 123, ""p3"": 75, ""p4"": 33}",C00584|C00042|C06124|C02165|C01089|C00328|C00249|C00696|C00906|C01598,0.08282646441366523,0.10423843935132027,0.1893342137336731,example_meta.ipynb,10,10,2,8,841,913,0.35729580858479376,0.9586776859504132,0.9572525651647441,0.9429450003186539,0.665274053812027,0.6363636363636364,0.605664174813111,0.6591431857389305,0.599488478153944,0.6942148760330579,0.6723691776883267,0.757044278320874,ok,
covid,PathNet,mixed50_low_signal_centric,14526,605,1174,236,369,2,none,0.1,0.001,0.0,16,200,55.31780461396556,4596022,2506,4,913|81|35|10,"{""p2"": [913, 81], ""p3"": [81, 35], ""p4"": [35, 10]}","{""p2"": 96, ""p3"": 51, ""p4"": 28}",C00584|C01089|C00780|C00696|C00249|C00906|C01598|C00280|C20252|C05108,0.0850276647368446,0.05093870381824672,0.33555012941360474,example_meta.ipynb,10,10,5,5,841,913,0.38109569964201556,0.9504132231404959,0.946689184883054,0.9291154164807851,0.6794724985957146,0.6115702479338843,0.6009200690051755,0.6845888441633122,0.6626110449433327,0.6363636363636364,0.628953421506613,0.6700690051753881,ok,
covid,PathNet,mixed75_low_signal_centric,14526,605,1174,236,369,2,none,0.1,0.001,0.0,16,200,54.148012734018266,4580158,2504,4,913|77|33|10,"{""p2"": [913, 77], ""p3"": [77, 33], ""p4"": [33, 10]}","{""p2"": 97, ""p3"": 52, ""p4"": 24}",C00584|C00328|C00906|C01598|C00280|C20252|C05108|C08821|C11522|C15776,0.02515493656974286,0.002149546053260565,0.12818530201911926,example_meta.ipynb,10,10,8,2,841,913,0.3456809481848841,0.9724517906336089,0.967306099037665,0.9588299024918743,0.6556011065840721,0.6363636363636364,0.6017826336975274,0.7060092006900517,0.6711695715785027,0.628099173553719,0.6066705002875216,0.6506612995974699,ok,
covid,PathNet,random_graph,14526,605,1174,236,369,2,none,0.1,0.001,0.0,16,200,40.790863694041036,4518762,2435,4,913|61|30|10,"{""p2"": [913, 61], ""p3"": [61, 30], ""p4"": [30, 10]}","{""p2"": 53, ""p3"": 31, ""p4"": 20}",C00328|C00186|C00584|C02165|C00696|C01089|C00042|C06124|C00249|C00780,0.135210325056687,0.11846715956926346,0.33555012941360474,example_meta.ipynb,10,10,0,10,841,913,0.3666756464087445,0.9559228650137741,0.951214071760882,0.9417500477981008,0.6029389835894108,0.6942148760330579,0.6646060954571593,0.766244968372628,0.5901728272438049,0.6942148760330579,0.6762507188039103,0.7573317998849914,ok,
covid,PathNet,random_layer_matched,14526,605,1174,236,369,2,none,0.1,0.001,0.0,16,200,51.63874801900238,4666458,2559,4,913|99|40|10,"{""p2"": [913, 99], ""p3"": [99, 40], ""p4"": [40, 10]}","{""p2"": 118, ""p3"": 77, ""p4"": 33}",C00328|C00186|C00584|C02165|C00696|C01089|C00042|C06124|C00249|C00780,0.135210325056687,0.11846715956926346,0.33555012941360474,example_meta.ipynb,10,10,0,10,841,913,0.3655465348907139,0.9476584022038568,0.9507201580523867,0.9347396596775222,0.625763364136219,0.6776859504132231,0.647211040828062,0.7047153536515239,0.6175923123955727,0.6859504132231405,0.6772570442783209,0.7538815411155838,ok,
covid,PathNet,partial_outer_layer_random,14526,605,1174,236,369,2,none,0.1,0.001,0.0,16,200,58.576562014990486,4666458,2559,4,913|99|40|10,"{""p2"": [913, 99], ""p3"": [99, 40], ""p4"": [40, 10]}","{""p2"": 118, ""p3"": 77, ""p4"": 33}",C00328|C00186|C00584|C02165|C00696|C01089|C00042|C06124|C00249|C00780,0.135210325056687,0.11846715956926346,0.33555012941360474,example_meta.ipynb,10,10,0,10,841,913,0.3331101031407066,0.9807162534435262,0.9791281626410044,0.9746510738639985,0.6184211522340775,0.6776859504132231,0.6433294997124784,0.7359114433582519,0.6354585438966751,0.6363636363636364,0.6250718803910293,0.6936457734330075,ok,
covid,PathNet,original,2027,605,1174,236,369,2,none,0.1,0.001,0.0,16,200,35.83717406797223,4666458,2559,4,913|99|40|10,"{""p2"": [913, 99], ""p3"": [99, 40], ""p4"": [40, 10]}","{""p2"": 118, ""p3"": 77, ""p4"": 33}",C00328|C00186|C00584|C02165|C00696|C01089|C00042|C06124|C00249|C00780,0.16756488755345345,0.18802201747894287,0.32380709052085876,example_meta.ipynb,10,10,0,10,841,913,0.3373879984669063,0.977961432506887,0.9768657192020904,0.9761009495889363,0.6287660747766495,0.6611570247933884,0.6453421506612996,0.6907705577918344,0.5237179733812809,0.768595041322314,0.7758769407705577,0.8080793559516963,ok,
covid,PathNet,random_centric,2027,605,1174,236,369,2,none,0.1,0.001,0.0,16,200,38.41166451293975,4583238,2492,4,913|78|31|10,"{""p2"": [913, 78], ""p3"": [78, 31], ""p4"": [31, 10]}","{""p2"": 80, ""p3"": 59, ""p4"": 22}",C05842|C11945|C18044|C16681|C01165|C00099|C16632|C06611|C05285|C00750,0.14448131173849105,0.17263154685497284,0.2653334140777588,example_meta.ipynb,10,10,10,0,841,913,0.4844520649184351,0.8429752066115702,0.8118826078643808,0.8082340195016252,0.6864782199263573,0.6115702479338843,0.5737492811960897,0.5713053479010927,0.629395417869091,0.6528925619834711,0.6152961472110408,0.6506612995974698,ok,
covid,PathNet,low_signal_centric,2027,605,1174,236,369,2,none,0.1,0.001,0.0,16,200,33.703326057991944,4542010,2470,4,913|67|32|10,"{""p2"": [913, 67], ""p3"": [67, 32], ""p4"": [32, 10]}","{""p2"": 80, ""p3"": 36, ""p4"": 23}",C00084|C06548|C05947|C16615|C04874|C04712|C00059|C00123|C00407|C16647,0.0026654308196157215,0.0028579706558957696,0.004176932852715254,example_meta.ipynb,10,10,10,0,841,913,0.3650971884312837,0.953168044077135,0.9451755783570199,0.9413995283920719,0.6222837418317795,0.6611570247933884,0.6492236917768832,0.7052903967797585,0.6813947483897209,0.6198347107438017,0.5999137435307648,0.647211040828062,ok,
covid,PathNet,mixed25_low_signal_centric,2027,605,1174,236,369,2,none,0.1,0.001,0.0,16,200,60.53489773790352,4740422,2591,4,913|118|43|10,"{""p2"": [913, 118], ""p3"": [118, 43], ""p4"": [43, 10]}","{""p2"": 131, ""p3"": 93, ""p4"": 36}",C00584|C00249|C00042|C00696|C06124|C01089|C02165|C00328|C00084|C06548,0.11716127092950046,0.1268099881708622,0.21938778460025787,example_meta.ipynb,10,10,2,8,841,913,0.3343586714371391,0.9807162534435262,0.9816455292843032,0.9727869479319355,0.5967493839561939,0.6942148760330579,0.6878953421506613,0.7488499137435307,0.5943905562162399,0.6611570247933884,0.6569867740080506,0.7446808510638299,ok,
covid,PathNet,mixed50_low_signal_centric,2027,605,1174,236,369,2,none,0.1,0.001,0.0,16,200,54.820693614077754,4690250,2565,4,913|105|42|10,"{""p2"": [913, 105], ""p3"": [105, 42], ""p4"": [42, 10]}","{""p2"": 125, ""p3"": 77, ""p4"": 32}",C00042|C00584|C00249|C00186|C00780|C00084|C06548|C05947|C16615|C04874,0.09627145740669221,0.01928761973977089,0.32380709052085876,example_meta.ipynb,10,10,5,5,841,913,0.34575534903484845,0.9696969696969697,0.9675610222420495,0.961665923140654,0.6448630914092064,0.6363636363636364,0.628953421506613,0.6700690051753883,0.5861728452146053,0.7107438016528925,0.6975273145485912,0.7129097182288672,ok,
covid,PathNet,mixed75_low_signal_centric,2027,605,1174,236,369,2,none,0.1,0.001,0.0,16,200,54.723925433005206,4569478,2492,4,913|74|35|10,"{""p2"": [913, 74], ""p3"": [74, 35], ""p4"": [35, 10]}","{""p2"": 93, ""p3"": 42, ""p4"": 26}",C00696|C02165|C00084|C06548|C05947|C16615|C04874|C04712|C00059|C00123,0.029248142847791314,0.0028579706558957696,0.1935712993144989,example_meta.ipynb,10,10,8,2,841,913,0.46231190665908484,0.8650137741046832,0.8463450385571347,0.8638710088585814,0.6111559867858887,0.6859504132231405,0.6617308798159862,0.7011213341000575,0.621440939605236,0.6694214876033058,0.621046578493387,0.6795572167912594,ok,
covid,PathNet,random_graph,2027,605,1174,236,369,2,none,0.1,0.001,0.0,16,200,55.980647880001925,4510942,2432,4,913|59|29|10,"{""p2"": [913, 59], ""p3"": [59, 29], ""p4"": [29, 10]}","{""p2"": 52, ""p3"": 30, ""p4"": 19}",C00328|C00186|C00584|C02165|C00696|C01089|C00042|C06124|C00249|C00780,0.16756488755345345,0.18802201747894287,0.32380709052085876,example_meta.ipynb,10,10,0,10,841,913,0.44153065655542456,0.8842975206611571,0.8684755592377796,0.9093110700401503,0.6346871480345726,0.6446280991735537,0.6395917193789534,0.7136285221391604,0.6023734323680401,0.6942148760330579,0.6607245543415756,0.7124784358826912,ok,
covid,PathNet,random_layer_matched,2027,605,1174,236,369,2,none,0.1,0.001,0.0,16,200,54.21493086707778,4666458,2559,4,913|99|40|10,"{""p2"": [913, 99], ""p3"": [99, 40], ""p4"": [40, 10]}","{""p2"": 118, ""p3"": 77, ""p4"": 33}",C00328|C00186|C00584|C02165|C00696|C01089|C00042|C06124|C00249|C00780,0.16756488755345345,0.18802201747894287,0.32380709052085876,example_meta.ipynb,10,10,0,10,841,913,0.3487537866053374,0.9669421487603306,0.9590051621948887,0.9426422790134472,0.645527508109808,0.628099173553719,0.6027889591719379,0.6680563542265671,0.5878648571670055,0.6942148760330579,0.6568430132259919,0.7084531339850489,ok,
covid,PathNet,partial_outer_layer_random,2027,605,1174,236,369,2,none,0.1,0.001,0.0,16,200,46.70499853603542,4666458,2559,4,913|99|40|10,"{""p2"": [913, 99], ""p3"": [99, 40], ""p4"": [40, 10]}","{""p2"": 118, ""p3"": 77, ""p4"": 33}",C00328|C00186|C00584|C02165|C00696|C01089|C00042|C06124|C00249|C00780,0.16756488755345345,0.18802201747894287,0.32380709052085876,example_meta.ipynb,10,10,0,10,841,913,0.3340680664000304,0.9807162534435262,0.9791281626410044,0.9712892741061756,0.6029423922300339,0.6942148760330579,0.691776883266245,0.7203852788959172,0.6090643294155598,0.6694214876033058,0.6598619896492237,0.7491374353076481,ok,
covid,PathNet,original,3407,605,1174,236,369,2,none,0.1,0.001,0.0,16,200,35.91785848408472,4666458,2559,4,913|99|40|10,"{""p2"": [913, 99], ""p3"": [99, 40], ""p4"": [40, 10]}","{""p2"": 118, ""p3"": 77, ""p4"": 33}",C00328|C00186|C00584|C02165|C00696|C01089|C00042|C06124|C00249|C00780,0.16855376288294793,0.17075124382972717,0.2756923735141754,example_meta.ipynb,10,10,0,10,841,913,0.3804499299629875,0.9338842975206612,0.9318558409279205,0.9071282901026066,0.5853538922965527,0.7272727272727273,0.707159286946521,0.8001725129384704,0.6007285639643669,0.6776859504132231,0.6588556641748131,0.732173663024727,ok,
covid,PathNet,random_centric,3407,605,1174,236,369,2,none,0.1,0.001,0.0,16,200,26.645718598971143,4452262,2425,4,913|44|19|10,"{""p2"": [913, 44], ""p3"": [44, 19], ""p4"": [19, 10]}","{""p2"": 60, ""p3"": 25, ""p4"": 9}",C05598|C03028|C05587|C05565|C14775|C01183|C15974|C05502|C06429|C04322,0.12074157856404781,0.11125766858458519,0.3148181438446045,example_meta.ipynb,10,10,10,0,841,913,0.3735002357026805,0.9421487603305785,0.9348671212797145,0.9270123000446115,0.6538014933466911,0.6446280991735537,0.6007763082231167,0.6838700402530189,0.6491351872682571,0.6528925619834711,0.6269407705577918,0.6306785508913167,ok,
covid,PathNet,low_signal_centric,3407,605,1174,236,369,2,none,0.1,0.001,0.0,16,200,50.34300094190985,4584878,2488,4,913|79|25|10,"{""p2"": [913, 79], ""p3"": [79, 25], ""p4"": [25, 10]}","{""p2"": 79, ""p3"": 59, ""p4"": 19}",C00535|C00674|C01227|C03772|C14864|C14865|C00555|C04814|C05444|C05454,0.0010261905554216355,0.0010904019000008702,0.00222994526848197,example_meta.ipynb,10,10,10,0,841,913,0.36698967477549677,0.9504132231404959,0.9479478682047033,0.9329870626473774,0.700116902589798,0.5785123966942148,0.5467222541690626,0.6249281196089707,0.656308688223362,0.6363636363636364,0.6211903392754456,0.6696377228292122,ok,
covid,PathNet,mixed25_low_signal_centric,3407,605,1174,236,369,2,none,0.1,0.001,0.0,16,200,58.36717806302477,4594566,2507,4,913|81|31|10,"{""p2"": [913, 81], ""p3"": [81, 31], ""p4"": [31, 10]}","{""p2"": 96, ""p3"": 57, ""p4"": 23}",C00186|C02165|C00249|C00780|C00584|C01089|C06124|C00328|C00535|C00674,0.14956389985454735,0.17075124382972717,0.2756923735141754,example_meta.ipynb,10,10,2,8,841,913,0.36128025080846704,0.9586776859504132,0.9572525651647441,0.9337518322605315,0.6053043939173222,0.6694214876033058,0.644335825186889,0.7593444508338125,0.6562037542462349,0.6115702479338843,0.5853939045428407,0.6523864289821737,ok,
covid,PathNet,mixed50_low_signal_centric,3407,605,1174,236,369,2,none,0.1,0.001,0.0,16,200,60.87056696100626,4700294,2566,4,913|108|39|10,"{""p2"": [913, 108], ""p3"": [108, 39], ""p4"": [39, 10]}","{""p2"": 111, ""p3"": 91, ""p4"": 33}",C00249|C00186|C00780|C00042|C00328|C00535|C00674|C01227|C03772|C14864,0.10604372013476678,0.07478568429360166,0.2756923735141754,example_meta.ipynb,10,10,5,5,841,913,0.35120592946591583,0.9641873278236914,0.9605187687209228,0.9396787967624753,0.6365479752421379,0.6694214876033058,0.6365727429557216,0.6336975273145486,0.6953555196523666,0.6198347107438017,0.5727429557216791,0.6065267395054629,ok,
covid,PathNet,mixed75_low_signal_centric,3407,605,1174,236,369,2,none,0.1,0.001,0.0,16,200,56.98214931599796,4584522,2496,4,913|79|24|10,"{""p2"": [913, 79], ""p3"": [79, 24], ""p4"": [24, 10]}","{""p2"": 88, ""p3"": 60, ""p4"": 17}",C06124|C01089|C00535|C00674|C01227|C03772|C14864|C14865|C00555|C04814,0.029633559490321204,0.0010904019000008702,0.17028512060642242,example_meta.ipynb,10,10,8,2,841,913,0.4411208072434301,0.8870523415977961,0.8745140526416417,0.8802020266394749,0.6603147089481354,0.6363636363636364,0.6134272570442783,0.6591431857389306,0.6565246656537056,0.6115702479338843,0.5776308223116734,0.6342725704427833,ok,
covid,PathNet,random_graph,3407,605,1174,236,369,2,none,0.1,0.001,0.0,16,200,19.311049781972542,4588438,2474,4,913|79|35|10,"{""p2"": [913, 79], ""p3"": [79, 35], ""p4"": [35, 10]}","{""p2"": 73, ""p3"": 45, ""p4"": 25}",C00328|C00186|C00584|C02165|C00696|C01089|C00042|C06124|C00249|C00780,0.16855376288294793,0.17075124382972717,0.2756923735141754,example_meta.ipynb,10,10,0,10,841,913,0.3502023803151172,0.9724517906336089,0.9698234656809636,0.9640558281817602,0.6044823676347733,0.6859504132231405,0.6462047153536515,0.7315986198964922,0.622771330177784,0.6611570247933884,0.6414606095457159,0.6975273145485912,ok,
covid,PathNet,random_layer_matched,3407,605,1174,236,369,2,none,0.1,0.001,0.0,16,200,57.776016439078376,4666458,2559,4,913|99|40|10,"{""p2"": [913, 99], ""p3"": [99, 40], ""p4"": [40, 10]}","{""p2"": 118, ""p3"": 77, ""p4"": 33}",C00328|C00186|C00584|C02165|C00696|C01089|C00042|C06124|C00249|C00780,0.16855376288294793,0.17075124382972717,0.2756923735141754,example_meta.ipynb,10,10,0,10,841,913,0.34037539492482727,0.9752066115702479,0.9746032757631764,0.9689630998661654,0.5613651797175407,0.7272727272727273,0.7032777458309374,0.8223116733755033,0.6877530366182327,0.5950413223140496,0.5757619321449109,0.6499424956871764,ok,
covid,PathNet,partial_outer_layer_random,3407,605,1174,236,369,2,none,0.1,0.001,0.0,16,200,43.43752623500768,4666458,2559,4,913|99|40|10,"{""p2"": [913, 99], ""p3"": [99, 40], ""p4"": [40, 10]}","{""p2"": 118, ""p3"": 77, ""p4"": 33}",C00328|C00186|C00584|C02165|C00696|C01089|C00042|C06124|C00249|C00780,0.16855376288294793,0.17075124382972717,0.2756923735141754,example_meta.ipynb,10,10,0,10,841,913,0.3598130967306054,0.9559228650137741,0.9524727550825314,0.9454942323625007,0.5304303579032421,0.7768595041322314,0.7476998274870615,0.8399942495687177,0.6832937449216843,0.6198347107438017,0.5999137435307648,0.661443358251869,ok,
covid,PathNet,original,91011,605,1174,236,369,2,none,0.1,0.001,0.0,16,200,48.358193124993704,4666458,2559,4,913|99|40|10,"{""p2"": [913, 99], ""p3"": [99, 40], ""p4"": [40, 10]}","{""p2"": 118, ""p3"": 77, ""p4"": 33}",C00328|C00186|C00584|C02165|C00696|C01089|C00042|C06124|C00249|C00780,0.15321576744318008,0.11917722597718239,0.390452116727829,example_meta.ipynb,10,10,0,10,841,913,0.3521530589331751,0.9641873278236914,0.9642948186858709,0.9559620164425467,0.6172716431319714,0.6694214876033058,0.6482173663024726,0.6817136285221392,0.5803596451878548,0.7355371900826446,0.721679125934445,0.7909718228867165,ok,
covid,PathNet,random_centric,91011,605,1174,236,369,2,none,0.1,0.001,0.0,16,200,58.569880719995126,4564026,2478,4,913|73|30|10,"{""p2"": [913, 73], ""p3"": [73, 30], ""p4"": [30, 10]}","{""p2"": 82, ""p3"": 45, ""p4"": 20}",C01326|C03263|C04640|C00114|C03684|C00129|C05498|C00525|C14825|C00559,0.09384144181385637,0.07864968478679657,0.2543451189994812,example_meta.ipynb,10,10,10,0,841,913,0.508296012878418,0.8209366391184573,0.8038525269262635,0.8142725129054872,0.6777799166738987,0.6033057851239669,0.5747556066705003,0.6230592294422082,0.6998651474714279,0.5702479338842975,0.5322024151811386,0.58654399079931,ok,
covid,PathNet,low_signal_centric,91011,605,1174,236,369,2,none,0.1,0.001,0.0,16,200,58.448962828028016,4534886,2476,4,913|66|21|10,"{""p2"": [913, 66], ""p3"": [66, 21], ""p4"": [21, 10]}","{""p2"": 88, ""p3"": 46, ""p4"": 11}",C05298|C05300|C01075|C00152|C02642|C01693|C04185|C15566|C02325|C01594,0.0015402095392346381,0.0016092474688775837,0.0022883047349750996,example_meta.ipynb,10,10,10,0,841,913,0.49728453418482904,0.8347107438016529,0.8151647441208336,0.8093015104199859,0.652711309492588,0.6446280991735537,0.6279470960322024,0.6986774008050605,0.6024342887103558,0.6942148760330579,0.668487636572743,0.7041403105232893,ok,
covid,PathNet,mixed25_low_signal_centric,91011,605,1174,236,369,2,none,0.1,0.001,0.0,16,200,55.994266933063045,4646566,2553,4,913|94|38|10,"{""p2"": [913, 94], ""p3"": [94, 38], ""p4"": [38, 10]}","{""p2"": 119, ""p3"": 74, ""p4"": 29}",C00780|C02165|C01089|C00249|C06124|C00328|C00186|C00042|C05298|C05300,0.13652884708717467,0.11917722597718239,0.390452116727829,example_meta.ipynb,10,10,2,8,841,913,0.35264237160268036,0.9641873278236914,0.9592600853992734,0.94899942642279,0.5995487906038761,0.6859504132231405,0.6772570442783209,0.7239792984473836,0.6799522563815117,0.6033057851239669,0.5825186889016676,0.6401667625071881,ok,
covid,PathNet,mixed50_low_signal_centric,91011,605,1174,236,369,2,none,0.1,0.001,0.0,16,200,59.1154608509969,4543606,2492,4,913|68|25|10,"{""p2"": [913, 68], ""p3"": [68, 25], ""p4"": [25, 10]}","{""p2"": 100, ""p3"": 46, ""p4"": 15}",C02165|C00186|C06124|C00249|C00696|C05298|C05300|C01075|C00152|C02642,0.06433737792540342,0.04060344403842464,0.2475290447473526,example_meta.ipynb,10,10,5,5,841,913,0.33872596336447675,0.977961432506887,0.9730896692371422,0.9700624561850743,0.5756159536540508,0.7107438016528925,0.7091719378953422,0.7584818861414606,0.6222485899925232,0.6776859504132231,0.6782633697527314,0.766244968372628,ok,
covid,PathNet,mixed75_low_signal_centric,91011,605,1174,236,369,2,none,0.1,0.001,0.0,16,200,54.523508386919275,4631518,2539,4,913|91|29|10,"{""p2"": [913, 91], ""p3"": [91, 29], ""p4"": [29, 10]}","{""p2"": 120, ""p3"": 69, ""p4"": 19}",C00780|C00328|C05298|C05300|C01075|C00152|C02642|C01693|C04185|C15566,0.05699269853066653,0.0016092474688775837,0.390452116727829,example_meta.ipynb,10,10,8,2,841,913,0.3515453196090201,0.9641873278236914,0.9617774520425721,0.9469919061882609,0.6343846283853054,0.6694214876033058,0.65598044853364,0.655117883841288,0.6769001185894012,0.5950413223140496,0.5718803910293272,0.6935020126509488,ok,
covid,PathNet,random_graph,91011,605,1174,236,369,2,none,0.1,0.001,0.0,16,200,54.28590748796705,4499110,2419,4,913|56|27|10,"{""p2"": [913, 56], ""p3"": [56, 27], ""p4"": [27, 10]}","{""p2"": 42, ""p3"": 29, ""p4"": 17}",C00328|C00186|C00584|C02165|C00696|C01089|C00042|C06124|C00249|C00780,0.15321576744318008,0.11917722597718239,0.390452116727829,example_meta.ipynb,10,10,0,10,841,913,0.39573085178499634,0.9338842975206612,0.9255624243196737,0.9142820725256517,0.6342212408781052,0.6446280991735537,0.6318286371477861,0.6946520989074181,0.6591201648116112,0.6363636363636364,0.617308798159862,0.6474985623921794,ok,
covid,PathNet,random_layer_matched,91011,605,1174,236,369,2,none,0.1,0.001,0.0,16,200,55.031021882081404,4666458,2559,4,913|99|40|10,"{""p2"": [913, 99], ""p3"": [99, 40], ""p4"": [40, 10]}","{""p2"": 118, ""p3"": 77, ""p4"": 33}",C00328|C00186|C00584|C02165|C00696|C01089|C00042|C06124|C00249|C00780,0.15321576744318008,0.11917722597718239,0.390452116727829,example_meta.ipynb,10,10,0,10,841,913,0.3428190078424371,0.9724517906336089,0.9748581989675611,0.9607736919253075,0.6110108084976673,0.6859504132231405,0.6578493387004025,0.7456871765382403,0.5951301380991936,0.7107438016528925,0.6936457734330075,0.7955721679125934,ok,
covid,PathNet,partial_outer_layer_random,91011,605,1174,236,369,2,none,0.1,0.001,0.0,16,200,59.049865150940605,4666458,2559,4,913|99|40|10,"{""p2"": [913, 99], ""p3"": [99, 40], ""p4"": [40, 10]}","{""p2"": 118, ""p3"": 77, ""p4"": 33}",C00328|C00186|C00584|C02165|C00696|C01089|C00042|C06124|C00249|C00780,0.15321576744318008,0.11917722597718239,0.390452116727829,example_meta.ipynb,10,10,0,10,841,913,0.34478588078332983,0.9696969696969697,0.9637849722771015,0.9582244598814608,0.6182924397289753,0.6694214876033058,0.6404542840713053,0.7188039102932722,0.5656309798359871,0.71900826446281,0.6965209890741806,0.8059229442208166,ok,
brca,PathNet,original,2781,762,8857,175,587,2,none,0.1,0.001,0.0,16,100,138.94018501299433,70801138,73084,4,8523|1720|111|28,"{""p2"": [8523, 1720], ""p3"": [1720, 111], ""p4"": [111, 28]}","{""p2"": 11878, ""p3"": 2206, ""p4"": 89}",OPRK1|CAMKV|MAGEB4|CNGB1|TLX3|SCEL|NR2E1|CCKBR|FETUB|KCNJ3|LIN28B|PDX1|PRKAG3|GHRHR|TRIM10|FOXG1|GSTA5|MAGEA4|AHSG|TUBA3C|PYY|ALPP|SERPINB4|C1orf94|GPR139|TEKT1|GHRH|PSKH2,0.9831924619419234,0.9968790411949158,1.3482061624526978,example_gene.ipynb,28,28,0,28,30538,8523,0.34708724967364607,0.9671052631578947,0.9452584452584453,0.9611992945326278,0.3690872073173523,0.9411764705882353,0.8814769975786925,0.9631961259079903,0.39348750114440917,0.9084967320261438,0.8502421307506054,0.9300242130750607,ok,
brca,PathNet,random_centric,2781,762,8857,175,587,2,none,0.1,0.001,0.0,16,100,235.40667766495608,118448778,73803,4,8523|3033|299|28,"{""p2"": [8523, 3033], ""p3"": [3033, 299], ""p4"": [299, 28]}","{""p2"": 9597, ""p3"": 5020, ""p4"": 275}",ANKRD11|PPP1R12C|TEKT3|OGT|SOCS7|ZBTB10|FAM3B|KNG1|NRCAM|EBNA1BP2|NCS1|FBXO22|PPARG|MRPL16|FCF1|AGER|NPPA|LAPTM5|MALT1|NPY|SNRPB|TSGA10|PEX26|KCNIP2|ADAM9|SMARCB1|LIG4|LDHA,0.3636128253170422,0.31206047534942627,1.209486722946167,example_gene.ipynb,28,28,28,0,30538,8523,0.5438652984027205,0.7697368421052632,0.5,0.4928774928774929,0.5417340755462646,0.7712418300653595,0.5,0.4957627118644068,0.5368729412555695,0.7712418300653595,0.5,0.4915254237288136,ok,
brca,PathNet,low_signal_centric,2781,762,8857,175,587,2,none,0.1,0.001,0.0,16,100,202.4813690748997,101935874,74049,4,8523|2599|185|28,"{""p2"": [8523, 2599], ""p3"": [2599, 185], ""p4"": [185, 28]}","{""p2"": 10519, ""p3"": 4455, ""p4"": 164}",ERP29|GSK3B|DNAL4|POLRMT|SUSD2|VPS26B|LRRC20|PPFIA3|GFAP|DHDDS|ABHD5|RPUSD2|GDNF|MAGEA8|FKBP6|ISG15|FUNDC2|LZTR1|MCOLN1|IL16|MAFB|CCDC6|RASD1|HIPK2|HOMER2|NUDCD2|NDUFS8|HAND1,0.001485733981618458,0.0014138098922558129,0.0027554596308618784,example_gene.ipynb,28,28,28,0,30538,8523,0.5481751222034981,0.7697368421052632,0.5,0.6420295753629087,0.541733768582344,0.7712418300653595,0.5,0.6337772397094431,0.5368727326393128,0.7712418300653595,0.5,0.6116222760290557,ok,
brca,PathNet,mixed25_low_signal_centric,2781,762,8857,175,587,2,none,0.1,0.001,0.0,16,100,182.59355955698993,92053074,73321,4,8523|2325|149|28,"{""p2"": [8523, 2325], ""p3"": [2325, 149], ""p4"": [149, 28]}","{""p2"": 10899, ""p3"": 3382, ""p4"": 129}",PSKH2|PYY|GPR139|ALPP|GHRHR|TLX3|LIN28B|TRIM10|GHRH|PRKAG3|CAMKV|FOXG1|AHSG|CCKBR|NR2E1|CNGB1|GSTA5|TEKT1|KCNJ3|PDX1|SERPINB4|ERP29|GSK3B|DNAL4|POLRMT|SUSD2|VPS26B|LRRC20,0.7168633488358215,0.8835117220878601,1.2597668170928955,example_gene.ipynb,28,28,7,21,30538,8523,0.34618313045337284,0.9671052631578947,0.9552706552706554,0.9607787274453942,0.3536514163017273,0.9607843137254902,0.9243341404358354,0.961501210653753,0.3810831934213638,0.9215686274509803,0.8788135593220339,0.94818401937046,ok,
brca,PathNet,mixed50_low_signal_centric,2781,762,8857,175,587,2,none,0.1,0.001,0.0,16,100,193.45290517807007,97476538,73513,4,8523|2475|171|28,"{""p2"": [8523, 2475], ""p3"": [2475, 171], ""p4"": [171, 28]}","{""p2"": 10818, ""p3"": 3634, ""p4"": 150}",MAGEA4|KCNJ3|PYY|PDX1|LIN28B|SERPINB4|GHRH|NR2E1|C1orf94|CAMKV|GPR139|CCKBR|TUBA3C|PRKAG3|ERP29|GSK3B|DNAL4|POLRMT|SUSD2|VPS26B|LRRC20|PPFIA3|GFAP|DHDDS|ABHD5|RPUSD2|GDNF|MAGEA8,0.47037203262464444,0.3022469886345789,1.2597668170928955,example_gene.ipynb,28,28,14,14,30538,8523,0.3481099471963685,0.9649122807017544,0.9471713471713472,0.9557997557997558,0.36968652307987215,0.9411764705882353,0.8814769975786925,0.9530266343825666,0.39797112345695496,0.9084967320261438,0.8602905569007264,0.9147699757869251,ok,
brca,PathNet,mixed75_low_signal_centric,2781,762,8857,175,587,2,none,0.1,0.001,0.0,16,100,190.5052445080364,96438634,73228,4,8523|2450|154|28,"{""p2"": [8523, 2450], ""p3"": [2450, 154], ""p4"": [154, 28]}","{""p2"": 10707, ""p3"": 3478, ""p4"": 132}",CNGB1|LIN28B|CCKBR|TRIM10|C1orf94|MAGEB4|SCEL|ERP29|GSK3B|DNAL4|POLRMT|SUSD2|VPS26B|LRRC20|PPFIA3|GFAP|DHDDS|ABHD5|RPUSD2|GDNF|MAGEA8|FKBP6|ISG15|FUNDC2|LZTR1|MCOLN1|IL16|MAFB,0.2773831792468887,0.0014138098922558129,1.29726243019104,example_gene.ipynb,28,28,21,7,30538,8523,0.3439916690875744,0.9692982456140351,0.9600325600325601,0.961158594491928,0.35616411864757536,0.954248366013072,0.9,0.9421307506053268,0.3689483880996704,0.934640522875817,0.9073849878934624,0.9624697336561744,ok,
brca,PathNet,random_graph,2781,762,8857,175,587,2,none,0.1,0.001,0.0,16,100,127.42204198299441,64688410,68053,4,8523|1522|228|28,"{""p2"": [8523, 1522], ""p3"": [1522, 228], ""p4"": [228, 28]}","{""p2"": 7540, ""p3"": 1402, ""p4"": 200}",OPRK1|CAMKV|MAGEB4|CNGB1|TLX3|SCEL|NR2E1|CCKBR|FETUB|KCNJ3|LIN28B|PDX1|PRKAG3|GHRHR|TRIM10|FOXG1|GSTA5|MAGEA4|AHSG|TUBA3C|PYY|ALPP|SERPINB4|C1orf94|GPR139|TEKT1|GHRH|PSKH2,0.9831924619419234,0.9968790411949158,1.3482061624526978,example_gene.ipynb,28,28,0,28,30538,8523,0.34899167151286686,0.9671052631578947,0.951933251933252,0.9652964319630987,0.36174085438251496,0.9477124183006536,0.8957627118644068,0.9595641646489105,0.4027842253446579,0.9019607843137255,0.8460048426150122,0.9398305084745762,ok,
brca,PathNet,random_layer_matched,2781,762,8857,175,587,2,none,0.1,0.001,0.0,16,100,139.0180510999635,70801138,73084,4,8523|1720|111|28,"{""p2"": [8523, 1720], ""p3"": [1720, 111], ""p4"": [111, 28]}","{""p2"": 11878, ""p3"": 2206, ""p4"": 89}",OPRK1|CAMKV|MAGEB4|CNGB1|TLX3|SCEL|NR2E1|CCKBR|FETUB|KCNJ3|LIN28B|PDX1|PRKAG3|GHRHR|TRIM10|FOXG1|GSTA5|MAGEA4|AHSG|TUBA3C|PYY|ALPP|SERPINB4|C1orf94|GPR139|TEKT1|GHRH|PSKH2,0.9831924619419234,0.9968790411949158,1.3482061624526978,example_gene.ipynb,28,28,0,28,30538,8523,0.3483263583018862,0.9671052631578947,0.9452584452584453,0.9592049925383258,0.36323170363903046,0.9477124183006536,0.8857142857142857,0.9578692493946731,0.37695754170417783,0.934640522875817,0.8872881355932203,0.9554479418886199,ok,
brca,PathNet,partial_outer_layer_random,2781,762,8857,175,587,2,none,0.1,0.001,0.0,16,100,138.9218905250309,70801138,73084,4,8523|1720|111|28,"{""p2"": [8523, 1720], ""p3"": [1720, 111], ""p4"": [111, 28]}","{""p2"": 11878, ""p3"": 2206, ""p4"": 89}",OPRK1|CAMKV|MAGEB4|CNGB1|TLX3|SCEL|NR2E1|CCKBR|FETUB|KCNJ3|LIN28B|PDX1|PRKAG3|GHRHR|TRIM10|FOXG1|GSTA5|MAGEA4|AHSG|TUBA3C|PYY|ALPP|SERPINB4|C1orf94|GPR139|TEKT1|GHRH|PSKH2,0.9831924619419234,0.9968790411949158,1.3482061624526978,example_gene.ipynb,28,28,0,28,30538,8523,0.34411673093664236,0.9714912280701754,0.9514448514448515,0.9642517975851308,0.37458025813102724,0.9411764705882353,0.8814769975786925,0.961501210653753,0.38814201951026917,0.9215686274509803,0.8687651331719128,0.9278450363196126,ok,
brca,PathNet,original,14526,762,8857,175,587,2,none,0.1,0.001,0.0,16,100,138.9321815170115,70801138,73084,4,8523|1720|111|28,"{""p2"": [8523, 1720], ""p3"": [1720, 111], ""p4"": [111, 28]}","{""p2"": 11878, ""p3"": 2206, ""p4"": 89}",OPRK1|CAMKV|MAGEB4|CNGB1|TLX3|SCEL|NR2E1|CCKBR|FETUB|KCNJ3|LIN28B|PDX1|PRKAG3|GHRHR|TRIM10|FOXG1|GSTA5|MAGEA4|AHSG|TUBA3C|PYY|ALPP|SERPINB4|C1orf94|GPR139|TEKT1|GHRH|PSKH2,0.9723761635167258,0.9472650587558746,1.3588323593139648,example_gene.ipynb,28,28,0,28,30538,8523,0.33335814907633027,0.9802631578947368,0.9638176638176639,0.9743725410392078,0.40422558784484863,0.9084967320261438,0.8803874092009685,0.890314769975787,0.3769072502851486,0.9281045751633987,0.8830508474576271,0.9548426150121065,ok,
brca,PathNet,random_centric,14526,762,8857,175,587,2,none,0.1,0.001,0.0,16,100,223.5038924049586,112991914,74034,4,8523|2910|204|28,"{""p2"": [8523, 2910], ""p3"": [2910, 204], ""p4"": [204, 28]}","{""p2"": 9582, ""p3"": 5359, ""p4"": 182}",MAPKAPK5|QKI|ARHGEF16|AATK|UGT8|OTUB1|RPS19|ATN1|RAD51AP1|LTBP1|TUFT1|CDC45|HTATIP2|NLGN3|NAA30|IQGAP1|PARVA|ERAP1|MPG|TUBB1|ZNF627|NCOR2|ABRA|MUTYH|ARF1|RAD1|LCN1|FBXL20,0.44194399006664753,0.41103287041187286,1.2536076307296753,example_gene.ipynb,28,28,28,0,30538,8523,0.3301146698409113,0.9846491228070176,0.9800162800162799,0.9800705467372134,0.3945432960987091,0.9215686274509803,0.898910411622276,0.9069007263922519,0.3693308413028717,0.9411764705882353,0.9116222760290557,0.9340193704600486,ok,
brca,PathNet,low_signal_centric,14526,762,8857,175,587,2,none,0.1,0.001,0.0,16,100,214.43671907309908,108937106,73991,4,8523|2800|185|28,"{""p2"": [8523, 2800], ""p3"": [2800, 185], ""p4"": [185, 28]}","{""p2"": 9841, ""p3"": 5070, ""p4"": 169}",CAPNS1|RPL34|RASSF1|BIRC6|PSME3|IL17B|DRAP1|CCND2|DLST|EDC3|WNT3A|VTI1B|MYO5A|FGF12|XIRP2|NDFIP2|TBL1XR1|GLO1|CNOT4|CELA1|TMOD3|FAM117B|KLHL25|PTPN21|NTNG2|SNCAIP|OGT|PCNP,0.0012501385749845082,0.0013798669097013772,0.002403873484581709,example_gene.ipynb,28,28,28,0,30538,8523,0.3347132349836415,0.9780701754385965,0.9757427757427757,0.97661104327771,0.39686447381973267,0.9150326797385621,0.8946731234866827,0.9026634382566586,0.3658423662185669,0.9477124183006536,0.935956416464891,0.9404358353510895,ok,
brca,PathNet,mixed25_low_signal_centric,14526,762,8857,175,587,2,none,0.1,0.001,0.0,16,100,178.9401487420546,90225902,73714,4,8523|2271|154|28,"{""p2"": [8523, 2271], ""p3"": [2271, 154], ""p4"": [154, 28]}","{""p2"": 11344, ""p3"": 3325, ""p4"": 134}",OPRK1|CCKBR|FETUB|ALPP|PDX1|MAGEB4|TUBA3C|SCEL|KCNJ3|PSKH2|FOXG1|GHRH|CNGB1|TLX3|TEKT1|CAMKV|TRIM10|PYY|GPR139|PRKAG3|NR2E1|CAPNS1|RPL34|RASSF1|BIRC6|PSME3|IL17B|DRAP1,0.7573251837021401,0.9091825485229492,1.3588323593139648,example_gene.ipynb,28,28,7,21,30538,8523,0.32937473367000447,0.9846491228070176,0.97000407000407,0.9731922398589066,0.40515742003917693,0.9019607843137255,0.8761501210653753,0.8830508474576272,0.3737641185522079,0.9411764705882353,0.9116222760290557,0.9508474576271188,ok,
brca,PathNet,mixed50_low_signal_centric,14526,762,8857,175,587,2,none,0.1,0.001,0.0,16,100,201.64518759096973,102402546,74132,4,8523|2620|160|28,"{""p2"": [8523, 2620], ""p3"": [2620, 160], ""p4"": [160, 28]}","{""p2"": 10380, ""p3"": 4703, ""p4"": 138}",GPR139|TEKT1|GHRHR|PDX1|GHRH|KCNJ3|SERPINB4|GSTA5|FOXG1|ALPP|PRKAG3|SCEL|C1orf94|PSKH2|CAPNS1|RPL34|RASSF1|BIRC6|PSME3|IL17B|DRAP1|CCND2|DLST|EDC3|WNT3A|VTI1B|MYO5A|FGF12,0.43664266236642596,0.2466031337971799,1.3588323593139648,example_gene.ipynb,28,28,14,14,30538,8523,0.33305355598186626,0.9802631578947368,0.9671550671550672,0.9762040428707095,0.41180317401885985,0.9084967320261438,0.8803874092009685,0.8823244552058112,0.35351568162441255,0.9607843137254902,0.9444309927360774,0.9585956416464891,ok,
brca,PathNet,mixed75_low_signal_centric,14526,762,8857,175,587,2,none,0.1,0.001,0.0,16,100,212.42555159307085,106935610,74194,4,8523|2747|171|28,"{""p2"": [8523, 2747], ""p3"": [2747, 171], ""p4"": [171, 28]}","{""p2"": 10225, ""p3"": 4909, ""p4"": 149}",TEKT1|KCNJ3|LIN28B|FETUB|NR2E1|MAGEB4|OPRK1|CAPNS1|RPL34|RASSF1|BIRC6|PSME3|IL17B|DRAP1|CCND2|DLST|EDC3|WNT3A|VTI1B|MYO5A|FGF12|XIRP2|NDFIP2|TBL1XR1|GLO1|CNOT4|CELA1|TMOD3,0.2711496877455813,0.0013798669097013772,1.2807700634002686,example_gene.ipynb,28,28,21,7,30538,8523,0.3401979711549035,0.9780701754385965,0.9623931623931624,0.975634242300909,0.39630536139011385,0.9150326797385621,0.8846246973365618,0.9177966101694915,0.3661283701658249,0.9477124183006536,0.92590799031477,0.9600484261501212,ok,
brca,PathNet,random_graph,14526,762,8857,175,587,2,none,0.1,0.001,0.0,16,100,128.498959330027,65508802,68185,4,8523|1544|236|28,"{""p2"": [8523, 1544], ""p3"": [1544, 236], ""p4"": [236, 28]}","{""p2"": 7639, ""p3"": 1422, ""p4"": 213}",OPRK1|CAMKV|MAGEB4|CNGB1|TLX3|SCEL|NR2E1|CCKBR|FETUB|KCNJ3|LIN28B|PDX1|PRKAG3|GHRHR|TRIM10|FOXG1|GSTA5|MAGEA4|AHSG|TUBA3C|PYY|ALPP|SERPINB4|C1orf94|GPR139|TEKT1|GHRH|PSKH2,0.9723761635167258,0.9472650587558746,1.3588323593139648,example_gene.ipynb,28,28,0,28,30538,8523,0.3348389031558201,0.9802631578947368,0.9638176638176639,0.969610636277303,0.4212378114461899,0.8888888888888888,0.8174334140435835,0.8976997578692494,0.383957052230835,0.9215686274509803,0.8687651331719128,0.9420096852300243,ok,
brca,PathNet,random_layer_matched,14526,762,8857,175,587,2,none,0.1,0.001,0.0,16,100,139.0353205850115,70801138,73084,4,8523|1720|111|28,"{""p2"": [8523, 1720], ""p3"": [1720, 111], ""p4"": [111, 28]}","{""p2"": 11878, ""p3"": 2206, ""p4"": 89}",OPRK1|CAMKV|MAGEB4|CNGB1|TLX3|SCEL|NR2E1|CCKBR|FETUB|KCNJ3|LIN28B|PDX1|PRKAG3|GHRHR|TRIM10|FOXG1|GSTA5|MAGEA4|AHSG|TUBA3C|PYY|ALPP|SERPINB4|C1orf94|GPR139|TEKT1|GHRH|PSKH2,0.9723761635167258,0.9472650587558746,1.3588323593139648,example_gene.ipynb,28,28,0,28,30538,8523,0.33563672879646567,0.9780701754385965,0.9623931623931624,0.9751729751729752,0.40986121296882627,0.9084967320261438,0.8502421307506054,0.8916464891041161,0.3915512979030609,0.9084967320261438,0.8401937046004843,0.9423728813559322,ok,
brca,PathNet,partial_outer_layer_random,14526,762,8857,175,587,2,none,0.1,0.001,0.0,16,100,138.96886753698345,70801138,73084,4,8523|1720|111|28,"{""p2"": [8523, 1720], ""p3"": [1720, 111], ""p4"": [111, 28]}","{""p2"": 11878, ""p3"": 2206, ""p4"": 89}",OPRK1|CAMKV|MAGEB4|CNGB1|TLX3|SCEL|NR2E1|CCKBR|FETUB|KCNJ3|LIN28B|PDX1|PRKAG3|GHRHR|TRIM10|FOXG1|GSTA5|MAGEA4|AHSG|TUBA3C|PYY|ALPP|SERPINB4|C1orf94|GPR139|TEKT1|GHRH|PSKH2,0.9723761635167258,0.9472650587558746,1.3588323593139648,example_gene.ipynb,28,28,0,28,30538,8523,0.3311937091679409,0.9824561403508771,0.9685795685795686,0.9776421109754444,0.40445817410945895,0.9084967320261438,0.8803874092009685,0.8961259079903149,0.36811177134513856,0.934640522875817,0.8973365617433414,0.9527845036319613,ok,
brca,PathNet,original,2027,762,8857,175,587,2,none,0.1,0.001,0.0,16,100,138.97159338602796,70801138,73084,4,8523|1720|111|28,"{""p2"": [8523, 1720], ""p3"": [1720, 111], ""p4"": [111, 28]}","{""p2"": 11878, ""p3"": 2206, ""p4"": 89}",OPRK1|CAMKV|MAGEB4|CNGB1|TLX3|SCEL|NR2E1|CCKBR|FETUB|KCNJ3|LIN28B|PDX1|PRKAG3|GHRHR|TRIM10|FOXG1|GSTA5|MAGEA4|AHSG|TUBA3C|PYY|ALPP|SERPINB4|C1orf94|GPR139|TEKT1|GHRH|PSKH2,0.9686706640890667,0.9506440758705139,1.3269543647766113,example_gene.ipynb,28,28,0,28,30538,8523,0.3531644919822956,0.9627192982456141,0.9457468457468458,0.9493827160493827,0.39975259006023406,0.9019607843137255,0.8259079903147699,0.94818401937046,0.4069609969854355,0.8954248366013072,0.861864406779661,0.9484261501210653,ok,
brca,PathNet,random_centric,2027,762,8857,175,587,2,none,0.1,0.001,0.0,16,100,207.77140736510046,104904082,74203,4,8523|2678|205|28,"{""p2"": [8523, 2678], ""p3"": [2678, 205], ""p4"": [205, 28]}","{""p2"": 10695, ""p3"": 4414, ""p4"": 183}",POLA1|KCTD6|CLPX|BCL7B|SEL1L|NPHP4|USP7|MRPL11|TRIM2|DLGAP4|SNRPE|GTF2A1L|SECISBP2|PPP1R14A|EYA1|LRPAP1|BIRC6|LIMS1|ZNF740|MYOZ2|CRTAP|CBX4|PACRG|HSPA4L|ZNF503|PDIA6|SIT1|CASR,0.5112140702881983,0.4246326982975006,1.2809937000274658,example_gene.ipynb,28,28,28,0,30538,8523,0.34288681375569313,0.9714912280701754,0.9547822547822549,0.9566544566544567,0.3744007468223572,0.934640522875817,0.8772397094430993,0.9670702179176756,0.3688017249107361,0.9411764705882353,0.9116222760290557,0.9473365617433414,ok,
brca,PathNet,low_signal_centric,2027,762,8857,175,587,2,none,0.1,0.001,0.0,16,100,248.59058584203012,125763250,73610,4,8523|3212|376|28,"{""p2"": [8523, 3212], ""p3"": [3212, 376], ""p4"": [376, 28]}","{""p2"": 9296, ""p3"": 5042, ""p4"": 361}",WBP4|CKB|NCSTN|GNB1|PDRG1|HAUS2|HUNK|ALKBH5|GABARAP|MBL2|CAPNS1|FBP2|MRRF|SLC25A17|GFAP|ACTR1B|KLF12|SCNN1G|GLB1|TNKS1BP1|CDK11A|NR1H2|LIG4|RPS13|EPC1|C4orf3|PRPF19|API5,0.0015669997953539547,0.0014979710686020553,0.00319635309278965,example_gene.ipynb,28,28,28,0,30538,8523,0.5417101218782622,0.7697368421052632,0.5,0.5352462352462353,0.536872947216034,0.7712418300653595,0.5,0.5386198547215497,0.5368729591369629,0.7712418300653595,0.5,0.5343825665859565,ok,
brca,PathNet,mixed25_low_signal_centric,2027,762,8857,175,587,2,none,0.1,0.001,0.0,16,100,170.6538524000207,86095786,73561,4,8523|2123|271|28,"{""p2"": [8523, 2123], ""p3"": [2123, 271], ""p4"": [271, 28]}","{""p2"": 11550, ""p3"": 2846, ""p4"": 254}",PYY|NR2E1|CAMKV|GPR139|FETUB|LIN28B|AHSG|SERPINB4|TRIM10|FOXG1|MAGEA4|MAGEB4|ALPP|PSKH2|KCNJ3|PDX1|CNGB1|TLX3|TEKT1|GHRHR|OPRK1|WBP4|CKB|NCSTN|GNB1|PDRG1|HAUS2|HUNK,0.7375234576920775,0.8727562129497528,1.3269543647766113,example_gene.ipynb,28,28,7,21,30538,8523,0.3481931912487951,0.9649122807017544,0.9438339438339438,0.9481617148283815,0.3699726194143295,0.9411764705882353,0.9015738498789346,0.97409200968523,0.36085226833820344,0.954248366013072,0.9502421307506053,0.9723970944309928,ok,
brca,PathNet,mixed50_low_signal_centric,2027,762,8857,175,587,2,none,0.1,0.001,0.0,16,100,190.2118233749643,95842262,73846,4,8523|2391|304|28,"{""p2"": [8523, 2391], ""p3"": [2391, 304], ""p4"": [304, 28]}","{""p2"": 11451, ""p3"": 3200, ""p4"": 284}",NR2E1|GPR139|OPRK1|LIN28B|SCEL|PRKAG3|MAGEA4|TUBA3C|CAMKV|GSTA5|MAGEB4|TLX3|GHRHR|ALPP|WBP4|CKB|NCSTN|GNB1|PDRG1|HAUS2|HUNK|ALKBH5|GABARAP|MBL2|CAPNS1|FBP2|MRRF|SLC25A17,0.5272655267240874,0.3481119067291729,1.3269543647766113,example_gene.ipynb,28,28,14,14,30538,8523,0.34860824510968963,0.9671052631578947,0.9485958485958486,0.9440510107176774,0.402536740899086,0.9019607843137255,0.8158595641646489,0.9515738498789347,0.4152123272418976,0.8888888888888888,0.8475786924939468,0.9498789346246973,ok,
brca,PathNet,mixed75_low_signal_centric,2027,762,8857,175,587,2,none,0.1,0.001,0.0,16,100,214.89899463090114,109071650,73943,4,8523|2760|322|28,"{""p2"": [8523, 2760], ""p3"": [2760, 322], ""p4"": [322, 28]}","{""p2"": 10796, ""p3"": 3928, ""p4"": 308}",PYY|CCKBR|LIN28B|OPRK1|PRKAG3|TRIM10|NR2E1|WBP4|CKB|NCSTN|GNB1|PDRG1|HAUS2|HUNK|ALKBH5|GABARAP|MBL2|CAPNS1|FBP2|MRRF|SLC25A17|GFAP|ACTR1B|KLF12|SCNN1G|GLB1|TNKS1BP1|CDK11A,0.27708212605102744,0.0014979710686020553,1.3269543647766113,example_gene.ipynb,28,28,21,7,30538,8523,0.3470504355841669,0.9671052631578947,0.951933251933252,0.954320987654321,0.38091276288032533,0.9477124183006536,0.8957627118644068,0.9220338983050848,0.4050083667039871,0.8954248366013072,0.8920096852300242,0.9527845036319612,ok,
brca,PathNet,random_graph,2027,762,8857,175,587,2,none,0.1,0.001,0.0,16,100,117.98502298793755,59587162,67428,4,8523|1379|211|28,"{""p2"": [8523, 1379], ""p3"": [1379, 211], ""p4"": [211, 28]}","{""p2"": 7083, ""p3"": 1246, ""p4"": 188}",OPRK1|CAMKV|MAGEB4|CNGB1|TLX3|SCEL|NR2E1|CCKBR|FETUB|KCNJ3|LIN28B|PDX1|PRKAG3|GHRHR|TRIM10|FOXG1|GSTA5|MAGEA4|AHSG|TUBA3C|PYY|ALPP|SERPINB4|C1orf94|GPR139|TEKT1|GHRH|PSKH2,0.9686706640890667,0.9506440758705139,1.3269543647766113,example_gene.ipynb,28,28,0,28,30538,8523,0.3476207112443858,0.9671052631578947,0.9452584452584453,0.9540903540903541,0.4146013170480728,0.8954248366013072,0.8116222760290557,0.9476997578692493,0.41121273636817934,0.8954248366013072,0.861864406779661,0.9496368038740921,ok,
brca,PathNet,random_layer_matched,2027,762,8857,175,587,2,none,0.1,0.001,0.0,16,100,138.9543774150079,70801138,73084,4,8523|1720|111|28,"{""p2"": [8523, 1720], ""p3"": [1720, 111], ""p4"": [111, 28]}","{""p2"": 11878, ""p3"": 2206, ""p4"": 89}",OPRK1|CAMKV|MAGEB4|CNGB1|TLX3|SCEL|NR2E1|CCKBR|FETUB|KCNJ3|LIN28B|PDX1|PRKAG3|GHRHR|TRIM10|FOXG1|GSTA5|MAGEA4|AHSG|TUBA3C|PYY|ALPP|SERPINB4|C1orf94|GPR139|TEKT1|GHRH|PSKH2,0.9686706640890667,0.9506440758705139,1.3269543647766113,example_gene.ipynb,28,28,0,28,30538,8523,0.34677995895517283,0.9671052631578947,0.9485958485958486,0.9509835843169178,0.3806672602891922,0.9281045751633987,0.873002421307506,0.9624697336561743,0.4018892586231232,0.9019607843137255,0.8661016949152542,0.9512106537530265,ok,
brca,PathNet,partial_outer_layer_random,2027,762,8857,175,587,2,none,0.1,0.001,0.0,16,100,138.99484140297864,70801138,73084,4,8523|1720|111|28,"{""p2"": [8523, 1720], ""p3"": [1720, 111], ""p4"": [111, 28]}","{""p2"": 11878, ""p3"": 2206, ""p4"": 89}",OPRK1|CAMKV|MAGEB4|CNGB1|TLX3|SCEL|NR2E1|CCKBR|FETUB|KCNJ3|LIN28B|PDX1|PRKAG3|GHRHR|TRIM10|FOXG1|GSTA5|MAGEA4|AHSG|TUBA3C|PYY|ALPP|SERPINB4|C1orf94|GPR139|TEKT1|GHRH|PSKH2,0.9686706640890667,0.9506440758705139,1.3269543647766113,example_gene.ipynb,28,28,0,28,30538,8523,0.3502763643346984,0.9627192982456141,0.9457468457468458,0.9513227513227513,0.38274779319763186,0.934640522875817,0.8872881355932203,0.9680387409200968,0.3867828518152237,0.934640522875817,0.9174334140435836,0.9610169491525423,ok,
brca,PathNet,original,3407,762,8857,175,587,2,none,0.1,0.001,0.0,16,100,138.9231041140156,70801138,73084,4,8523|1720|111|28,"{""p2"": [8523, 1720], ""p3"": [1720, 111], ""p4"": [111, 28]}","{""p2"": 11878, ""p3"": 2206, ""p4"": 89}",OPRK1|CAMKV|MAGEB4|CNGB1|TLX3|SCEL|NR2E1|CCKBR|FETUB|KCNJ3|LIN28B|PDX1|PRKAG3|GHRHR|TRIM10|FOXG1|GSTA5|MAGEA4|AHSG|TUBA3C|PYY|ALPP|SERPINB4|C1orf94|GPR139|TEKT1|GHRH|PSKH2,0.9812986041818347,0.9970804750919342,1.3662745952606201,example_gene.ipynb,28,28,0,28,30538,8523,0.3397819523153634,0.9736842105263158,0.9528693528693528,0.9588793922127254,0.379041513800621,0.9281045751633987,0.9131961259079904,0.9136803874092009,0.3664692372083664,0.9477124183006536,0.935956416464891,0.976271186440678,ok,
brca,PathNet,random_centric,3407,762,8857,175,587,2,none,0.1,0.001,0.0,16,100,209.25509898399469,106194514,74185,4,8523|2720|189|28,"{""p2"": [8523, 2720], ""p3"": [2720, 189], ""p4"": [189, 28]}","{""p2"": 10088, ""p3"": 5014, ""p4"": 172}",SH3GLB2|TDP1|RAC3|C5AR1|XPO5|SRGAP2|SLC30A6|MFAP5|ANXA6|PTGER2|NTSR1|WTAP|EMILIN1|ARPC4|ADD2|C1orf131|NR0B2|GPS2|PARP1|CDC42BPG|SRRM4|UBE2J2|USH1C|NRBF2|VWC2|MAPK8IP3|HEATR3|VGLL4,0.4808255986510111,0.42147259414196014,1.2395659685134888,example_gene.ipynb,28,28,28,0,30538,8523,0.5481775146106194,0.7697368421052632,0.5,0.40430063763397095,0.5368731886148452,0.7712418300653595,0.5,0.5376513317191283,0.5417360007762909,0.7712418300653595,0.5,0.4199757869249395,ok,
brca,PathNet,low_signal_centric,3407,762,8857,175,587,2,none,0.1,0.001,0.0,16,100,253.47741417901125,127372270,74145,4,8523|3281|312|28,"{""p2"": [8523, 3281], ""p3"": [3281, 312], ""p4"": [312, 28]}","{""p2"": 8319, ""p3"": 6620, ""p4"": 295}",ACAP2|HDAC1|FAM83H|ENKUR|RPS5|PDGFA|CDK13|RBM4B|ACVRL1|SNRNP48|MRPL30|OTUD3|HDAC5|SSNA1|EID3|RANBP9|RPLP1|PPP3R2|KCNJ5|RGS16|TRAF7|RAB11B|AIP|TNS4|RNF128|UTP3|ZMAT3|BRWD3,0.00132823551185928,0.0013267084723338485,0.002863791072741151,example_gene.ipynb,28,28,28,0,30538,8523,0.5460220935015843,0.7697368421052632,0.5,0.5426129426129426,0.5368739575147629,0.7712418300653595,0.5,0.4676755447941889,0.5417377650737762,0.7712418300653595,0.5,0.4475786924939467,ok,
brca,PathNet,mixed25_low_signal_centric,3407,762,8857,175,587,2,none,0.1,0.001,0.0,16,100,205.78145718597807,103606610,74188,4,8523|2619|277|28,"{""p2"": [8523, 2619], ""p3"": [2619, 277], ""p4"": [277, 28]}","{""p2"": 10597, ""p3"": 4418, ""p4"": 262}",TUBA3C|PRKAG3|FOXG1|PYY|CAMKV|CCKBR|SERPINB4|CNGB1|MAGEA4|FETUB|AHSG|TEKT1|GSTA5|SCEL|PDX1|NR2E1|GPR139|KCNJ3|PSKH2|GHRHR|OPRK1|ACAP2|HDAC1|FAM83H|ENKUR|RPS5|PDGFA|CDK13,0.7365452574168947,0.8682588636875153,1.3662745952606201,example_gene.ipynb,28,28,7,21,30538,8523,0.34681808845750217,0.9692982456140351,0.9466829466829467,0.9569529236195903,0.37323527932167055,0.9411764705882353,0.9216707021791768,0.9414043583535108,0.3647218823432922,0.9477124183006536,0.935956416464891,0.9782082324455206,ok,
brca,PathNet,mixed50_low_signal_centric,3407,762,8857,175,587,2,none,0.1,0.001,0.0,16,100,227.32067497097887,114378794,74012,4,8523|2919|295|28,"{""p2"": [8523, 2919], ""p3"": [2919, 295], ""p4"": [295, 28]}","{""p2"": 8923, ""p3"": 5900, ""p4"": 278}",CNGB1|PSKH2|GHRH|SERPINB4|MAGEB4|AHSG|GSTA5|CCKBR|OPRK1|GPR139|C1orf94|FETUB|ALPP|CAMKV|ACAP2|HDAC1|FAM83H|ENKUR|RPS5|PDGFA|CDK13|RBM4B|ACVRL1|SNRNP48|MRPL30|OTUD3|HDAC5|SSNA1,0.4914417631631035,0.2819313415675424,1.3662745952606201,example_gene.ipynb,28,28,14,14,30538,8523,0.34632365970775997,0.9692982456140351,0.9466829466829467,0.9520824854158189,0.3723853141069412,0.9411764705882353,0.9116222760290557,0.9048426150121066,0.38460988998413087,0.9281045751633987,0.9031476997578692,0.9685230024213076,ok,
brca,PathNet,mixed75_low_signal_centric,3407,762,8857,175,587,2,none,0.1,0.001,0.0,16,100,248.1398387659574,125661890,74274,4,8523|3240|292|28,"{""p2"": [8523, 3240], ""p3"": [3240, 292], ""p4"": [292, 28]}","{""p2"": 8527, ""p3"": 6558, ""p4"": 278}",FOXG1|CNGB1|GSTA5|GPR139|GHRHR|KCNJ3|PSKH2|ACAP2|HDAC1|FAM83H|ENKUR|RPS5|PDGFA|CDK13|RBM4B|ACVRL1|SNRNP48|MRPL30|OTUD3|HDAC5|SSNA1|EID3|RANBP9|RPLP1|PPP3R2|KCNJ5|RGS16|TRAF7,0.22863850135867583,0.0013267084723338485,1.1738275289535522,example_gene.ipynb,28,28,21,7,30538,8523,0.34219378849555704,0.9714912280701754,0.9481074481074481,0.951933251933252,0.36506701111793516,0.9477124183006536,0.9158595641646489,0.9279661016949151,0.37574510276317596,0.934640522875817,0.8973365617433414,0.9694915254237289,ok,
brca,PathNet,random_graph,3407,762,8857,175,587,2,none,0.1,0.001,0.0,16,100,128.13347495393828,64725090,68119,4,8523|1525|217|28,"{""p2"": [8523, 1525], ""p3"": [1525, 217], ""p4"": [217, 28]}","{""p2"": 7613, ""p3"": 1405, ""p4"": 190}",OPRK1|CAMKV|MAGEB4|CNGB1|TLX3|SCEL|NR2E1|CCKBR|FETUB|KCNJ3|LIN28B|PDX1|PRKAG3|GHRHR|TRIM10|FOXG1|GSTA5|MAGEA4|AHSG|TUBA3C|PYY|ALPP|SERPINB4|C1orf94|GPR139|TEKT1|GHRH|PSKH2,0.9812986041818347,0.9970804750919342,1.3662745952606201,example_gene.ipynb,28,28,0,28,30538,8523,0.34747215283328087,0.9671052631578947,0.9452584452584453,0.950644417311084,0.3704343497753143,0.934640522875817,0.9073849878934624,0.9277239709443099,0.37274308800697326,0.9477124183006536,0.935956416464891,0.979903147699758,ok,
brca,PathNet,random_layer_matched,3407,762,8857,175,587,2,none,0.1,0.001,0.0,16,100,138.93739348708186,70801138,73084,4,8523|1720|111|28,"{""p2"": [8523, 1720], ""p3"": [1720, 111], ""p4"": [111, 28]}","{""p2"": 11878, ""p3"": 2206, ""p4"": 89}",OPRK1|CAMKV|MAGEB4|CNGB1|TLX3|SCEL|NR2E1|CCKBR|FETUB|KCNJ3|LIN28B|PDX1|PRKAG3|GHRHR|TRIM10|FOXG1|GSTA5|MAGEA4|AHSG|TUBA3C|PYY|ALPP|SERPINB4|C1orf94|GPR139|TEKT1|GHRH|PSKH2,0.9812986041818347,0.9970804750919342,1.3662745952606201,example_gene.ipynb,28,28,0,28,30538,8523,0.3421673127289476,0.9714912280701754,0.9447700447700448,0.9606294939628274,0.37459939122200014,0.934640522875817,0.8973365617433414,0.9249394673123487,0.3694886893033981,0.934640522875817,0.9073849878934624,0.9786924939467312,ok,
brca,PathNet,partial_outer_layer_random,3407,762,8857,175,587,2,none,0.1,0.001,0.0,16,100,138.95042606804054,70801138,73084,4,8523|1720|111|28,"{""p2"": [8523, 1720], ""p3"": [1720, 111], ""p4"": [111, 28]}","{""p2"": 11878, ""p3"": 2206, ""p4"": 89}",OPRK1|CAMKV|MAGEB4|CNGB1|TLX3|SCEL|NR2E1|CCKBR|FETUB|KCNJ3|LIN28B|PDX1|PRKAG3|GHRHR|TRIM10|FOXG1|GSTA5|MAGEA4|AHSG|TUBA3C|PYY|ALPP|SERPINB4|C1orf94|GPR139|TEKT1|GHRH|PSKH2,0.9812986041818347,0.9970804750919342,1.3662745952606201,example_gene.ipynb,28,28,0,28,30538,8523,0.33900880813598633,0.9736842105263158,0.9528693528693528,0.9576719576719577,0.3820692181587219,0.9215686274509803,0.908958837772397,0.9116222760290558,0.3597597122192383,0.9607843137254902,0.9544794188861985,0.9786924939467312,ok,
brca,PathNet,original,91011,762,8857,175,587,2,none,0.1,0.001,0.0,16,100,138.94260408601258,70801138,73084,4,8523|1720|111|28,"{""p2"": [8523, 1720], ""p3"": [1720, 111], ""p4"": [111, 28]}","{""p2"": 11878, ""p3"": 2206, ""p4"": 89}",OPRK1|CAMKV|MAGEB4|CNGB1|TLX3|SCEL|NR2E1|CCKBR|FETUB|KCNJ3|LIN28B|PDX1|PRKAG3|GHRHR|TRIM10|FOXG1|GSTA5|MAGEA4|AHSG|TUBA3C|PYY|ALPP|SERPINB4|C1orf94|GPR139|TEKT1|GHRH|PSKH2,0.9450808444193431,0.9222364127635956,1.3063697814941406,example_gene.ipynb,28,28,0,28,30538,8523,0.34901386602171536,0.9649122807017544,0.9438339438339438,0.9516754850088184,0.36448000371456146,0.9477124183006536,0.935956416464891,0.9493946731234867,0.37912534177303314,0.934640522875817,0.9073849878934624,0.9641646489104116,ok,
brca,PathNet,random_centric,91011,762,8857,175,587,2,none,0.1,0.001,0.0,16,100,168.1838585480582,85433714,73065,4,8523|2124|190|28,"{""p2"": [8523, 2124], ""p3"": [2124, 190], ""p4"": [190, 28]}","{""p2"": 10730, ""p3"": 3259, ""p4"": 165}",CXCL9|TRAF3|DNM1L|HSF4|RPL39|PTPRS|PHKA2|HEXIM1|ARPC3|SYCE2|RHPN2|PIM1|DNAJC9|IL18BP|MYO1G|MRPL22|CLDN1|MUS81|SNX5|GADD45A|SURF4|ITGB2|AMH|PSME4|CNOT4|REP15|ASF1A|ZFAND2B,0.46373314689844847,0.40798303484916687,1.2718839645385742,example_gene.ipynb,28,28,28,0,30538,8523,0.3467558817616824,0.9649122807017544,0.9471713471713472,0.9675892009225341,0.3579509288072586,0.954248366013072,0.9401937046004842,0.9677966101694916,0.36693376302719116,0.954248366013072,0.9301452784503632,0.9692493946731235,ok,
brca,PathNet,low_signal_centric,91011,762,8857,175,587,2,none,0.1,0.001,0.0,16,100,169.04510102106724,85427666,73638,4,8523|2134|149|28,"{""p2"": [8523, 2134], ""p3"": [2134, 149], ""p4"": [149, 28]}","{""p2"": 11464, ""p3"": 3140, ""p4"": 123}",KCNJ8|BTAF1|MRPL21|NDUFS2|TLR4|EIF3J|BIRC6|ANAPC7|CBX6|ELL3|PRPH|FZD8|TRIM54|ZNF207|RNF6|CCR6|CORT|C3AR1|RASSF6|SYNGR3|RAB13|EPC2|TMX3|ZNF696|GCHFR|TMOD3|ZC3H3|ZBTB9,0.001702689773082966,0.001822295889724046,0.0029666998889297247,example_gene.ipynb,28,28,28,0,30538,8523,0.40825586175096445,0.9100877192982456,0.8548229548229549,0.9153981820648487,0.4060840517282486,0.9150326797385621,0.8745762711864407,0.9573849878934625,0.4126508504152298,0.9150326797385621,0.8444309927360775,0.8876513317191284,ok,
brca,PathNet,mixed25_low_signal_centric,91011,762,8857,175,587,2,none,0.1,0.001,0.0,16,100,137.7619884230662,70129970,73154,4,8523|1692|154|28,"{""p2"": [8523, 1692], ""p3"": [1692, 154], ""p4"": [154, 28]}","{""p2"": 11690, ""p3"": 2421, ""p4"": 132}",GPR139|PDX1|TUBA3C|FOXG1|OPRK1|ALPP|GHRHR|CAMKV|CCKBR|TRIM10|GHRH|TLX3|PSKH2|FETUB|MAGEB4|TEKT1|CNGB1|C1orf94|AHSG|PYY|NR2E1|KCNJ8|BTAF1|MRPL21|NDUFS2|TLR4|EIF3J|BIRC6,0.7080410703924177,0.8434627652168274,1.3063697814941406,example_gene.ipynb,28,28,7,21,30538,8523,0.5417101239335949,0.7697368421052632,0.5,0.49145299145299143,0.536872947216034,0.7712418300653595,0.5,0.4973365617433414,0.5465951800346375,0.7712418300653595,0.5,0.5,ok,
brca,PathNet,mixed50_low_signal_centric,91011,762,8857,175,587,2,none,0.1,0.001,0.0,16,100,147.22749348101206,74337002,73152,4,8523|1813|155|28,"{""p2"": [8523, 1813], ""p3"": [1813, 155], ""p4"": [155, 28]}","{""p2"": 11437, ""p3"": 2677, ""p4"": 127}",PYY|MAGEA4|CNGB1|TEKT1|LIN28B|KCNJ3|MAGEB4|NR2E1|PSKH2|FETUB|TLX3|SERPINB4|ALPP|C1orf94|KCNJ8|BTAF1|MRPL21|NDUFS2|TLR4|EIF3J|BIRC6|ANAPC7|CBX6|ELL3|PRPH|FZD8|TRIM54|ZNF207,0.4620065974881332,0.2597272812272422,1.2871136665344238,example_gene.ipynb,28,28,14,14,30538,8523,0.345381754225698,0.9671052631578947,0.9452584452584453,0.9575905575905576,0.3641763269901276,0.9477124183006536,0.92590799031477,0.9533898305084746,0.3614938795566559,0.954248366013072,0.9401937046004842,0.9789346246973366,ok,
brca,PathNet,mixed75_low_signal_centric,91011,762,8857,175,587,2,none,0.1,0.001,0.0,16,100,134.14926073898096,68291794,72719,4,8523|1640|149|28,"{""p2"": [8523, 1640], ""p3"": [1640, 149], ""p4"": [149, 28]}","{""p2"": 11217, ""p3"": 2463, ""p4"": 128}",AHSG|OPRK1|FOXG1|KCNJ3|ALPP|TEKT1|LIN28B|KCNJ8|BTAF1|MRPL21|NDUFS2|TLR4|EIF3J|BIRC6|ANAPC7|CBX6|ELL3|PRPH|FZD8|TRIM54|ZNF207|RNF6|CCR6|CORT|C3AR1|RASSF6|SYNGR3|RAB13,0.23768551900398702,0.001822295889724046,1.3063697814941406,example_gene.ipynb,28,28,21,7,30538,8523,0.3486807418280634,0.9671052631578947,0.9452584452584453,0.9633699633699634,0.3635452210903168,0.9477124183006536,0.92590799031477,0.9556900726392251,0.37873930037021636,0.934640522875817,0.9274818401937046,0.9786924939467312,ok,
brca,PathNet,random_graph,91011,762,8857,175,587,2,none,0.1,0.001,0.0,16,100,126.20473821798805,64222930,68086,4,8523|1508|232|28,"{""p2"": [8523, 1508], ""p3"": [1508, 232], ""p4"": [232, 28]}","{""p2"": 7573, ""p3"": 1397, ""p4"": 205}",OPRK1|CAMKV|MAGEB4|CNGB1|TLX3|SCEL|NR2E1|CCKBR|FETUB|KCNJ3|LIN28B|PDX1|PRKAG3|GHRHR|TRIM10|FOXG1|GSTA5|MAGEA4|AHSG|TUBA3C|PYY|ALPP|SERPINB4|C1orf94|GPR139|TEKT1|GHRH|PSKH2,0.9450808444193431,0.9222364127635956,1.3063697814941406,example_gene.ipynb,28,28,0,28,30538,8523,0.3544941637022742,0.9605263157894737,0.9343101343101343,0.9522181522181522,0.3850717306137085,0.9150326797385621,0.8745762711864407,0.9558111380145279,0.3665276199579239,0.9477124183006536,0.92590799031477,0.962227602905569,ok,
brca,PathNet,random_layer_matched,91011,762,8857,175,587,2,none,0.1,0.001,0.0,16,100,138.88345166598447,70801138,73084,4,8523|1720|111|28,"{""p2"": [8523, 1720], ""p3"": [1720, 111], ""p4"": [111, 28]}","{""p2"": 11878, ""p3"": 2206, ""p4"": 89}",OPRK1|CAMKV|MAGEB4|CNGB1|TLX3|SCEL|NR2E1|CCKBR|FETUB|KCNJ3|LIN28B|PDX1|PRKAG3|GHRHR|TRIM10|FOXG1|GSTA5|MAGEA4|AHSG|TUBA3C|PYY|ALPP|SERPINB4|C1orf94|GPR139|TEKT1|GHRH|PSKH2,0.9450808444193431,0.9222364127635956,1.3063697814941406,example_gene.ipynb,28,28,0,28,30538,8523,0.3469614437941847,0.9671052631578947,0.9485958485958486,0.9569122235788902,0.3616585373878479,0.954248366013072,0.9401937046004842,0.9617433414043584,0.35517375767230985,0.9607843137254902,0.9444309927360774,0.9774818401937047,ok,
brca,PathNet,partial_outer_layer_random,91011,762,8857,175,587,2,none,0.1,0.001,0.0,16,100,138.92345373390708,70801138,73084,4,8523|1720|111|28,"{""p2"": [8523, 1720], ""p3"": [1720, 111], ""p4"": [111, 28]}","{""p2"": 11878, ""p3"": 2206, ""p4"": 89}",OPRK1|CAMKV|MAGEB4|CNGB1|TLX3|SCEL|NR2E1|CCKBR|FETUB|KCNJ3|LIN28B|PDX1|PRKAG3|GHRHR|TRIM10|FOXG1|GSTA5|MAGEA4|AHSG|TUBA3C|PYY|ALPP|SERPINB4|C1orf94|GPR139|TEKT1|GHRH|PSKH2,0.9450808444193431,0.9222364127635956,1.3063697814941406,example_gene.ipynb,28,28,0,28,30538,8523,0.34891190302783043,0.9649122807017544,0.9438339438339438,0.9512549179215846,0.3611242860555649,0.9477124183006536,0.935956416464891,0.9600484261501211,0.36780108511447906,0.9411764705882353,0.9015738498789346,0.9685230024213075,ok,
